{
    "model_dim": 16,
    "num_heads": 8,
    "num_layers": 4,
    "dropout": 0.05697619051814805,
    "learning_rate": 0.00016349685124532592,
    "batch_size": 64,
    "early_stopping_patience": 6,
    "svr_C": 79.68511591894311,
    "svr_epsilon": 0.3513820618255088
}