{
    "MSE": 69.41876337735195,
    "MAE": 5.4912168481137815,
    "R2_Score": 0.9120506807201825,
    "Mean_Error_Distance": 8.693255793689906,
    "Median_Error_Distance": 6.294221414870128
}