{
    "MSE": 0.20053921882110784,
    "MAE": 0.29487181823539405,
    "R2_Score": 0.7662134832131724,
    "Mean_Error_Distance": 9.087693672254142,
    "Median_Error_Distance": 6.474584808698561
}